[
  {
    "id": 1,
    "priority": 1,
    "action": {
      "type": "redirect",
      "redirect": {
        "extensionPath": "/blocked.html"
      }
    },
    "condition": {
      "urlFilter": "*://www.facebook.com/*",
      "resourceTypes": ["main_frame"]
    }
  },
  {
    "id": 2,
    "priority": 1,
    "action": {
      "type": "redirect",
      "redirect": {
        "extensionPath": "/blocked.html"
      }
    },
    "condition": {
      "urlFilter": "*://facebook.com/*",
      "resourceTypes": ["main_frame"]
    }
  },
  {
    "id": 3,
    "priority": 1,
    "action": {
      "type": "redirect",
      "redirect": {
        "extensionPath": "/blocked.html"
      }
    },
    "condition": {
      "urlFilter": "*://www.twitter.com/*",
      "resourceTypes": ["main_frame"]
    }
  },
  {
    "id": 4,
    "priority": 1,
    "action": {
      "type": "redirect",
      "redirect": {
        "extensionPath": "/blocked.html"
      }
    },
    "condition": {
      "urlFilter": "*://twitter.com/*",
      "resourceTypes": ["main_frame"]
    }
  },
  {
    "id": 5,
    "priority": 1,
    "action": {
      "type": "redirect",
      "redirect": {
        "extensionPath": "/blocked.html"
      }
    },
    "condition": {
      "urlFilter": "*://x.com/*",
      "resourceTypes": ["main_frame"]
    }
  },
  {
    "id": 6,
    "priority": 1,
    "action": {
      "type": "redirect",
      "redirect": {
        "extensionPath": "/blocked.html"
      }
    },
    "condition": {
      "urlFilter": "*://www.x.com/*",
      "resourceTypes": ["main_frame"]
    }
  },
  {
    "id": 7,
    "priority": 1,
    "action": {
      "type": "redirect",
      "redirect": {
        "extensionPath": "/blocked.html"
      }
    },
    "condition": {
      "urlFilter": "*://www.instagram.com/*",
      "resourceTypes": ["main_frame"]
    }
  },
  {
    "id": 8,
    "priority": 1,
    "action": {
      "type": "redirect",
      "redirect": {
        "extensionPath": "/blocked.html"
      }
    },
    "condition": {
      "urlFilter": "*://instagram.com/*",
      "resourceTypes": ["main_frame"]
    }
  },
  {
    "id": 9,
    "priority": 1,
    "action": {
      "type": "redirect",
      "redirect": {
        "extensionPath": "/blocked.html"
      }
    },
    "condition": {
      "urlFilter": "*://www.youtube.com/*",
      "resourceTypes": ["main_frame"]
    }
  },
  {
    "id": 10,
    "priority": 1,
    "action": {
      "type": "redirect",
      "redirect": {
        "extensionPath": "/blocked.html"
      }
    },
    "condition": {
      "urlFilter": "*://youtube.com/*",
      "resourceTypes": ["main_frame"]
    }
  },
  {
    "id": 11,
    "priority": 1,
    "action": {
      "type": "redirect",
      "redirect": {
        "extensionPath": "/blocked.html"
      }
    },
    "condition": {
      "urlFilter": "*://www.reddit.com/*",
      "resourceTypes": ["main_frame"]
    }
  },
  {
    "id": 12,
    "priority": 1,
    "action": {
      "type": "redirect",
      "redirect": {
        "extensionPath": "/blocked.html"
      }
    },
    "condition": {
      "urlFilter": "*://reddit.com/*",
      "resourceTypes": ["main_frame"]
    }
  },
  {
    "id": 13,
    "priority": 1,
    "action": {
      "type": "redirect",
      "redirect": {
        "extensionPath": "/blocked.html"
      }
    },
    "condition": {
      "urlFilter": "*://www.tiktok.com/*",
      "resourceTypes": ["main_frame"]
    }
  },
  {
    "id": 14,
    "priority": 1,
    "action": {
      "type": "redirect",
      "redirect": {
        "extensionPath": "/blocked.html"
      }
    },
    "condition": {
      "urlFilter": "*://tiktok.com/*",
      "resourceTypes": ["main_frame"]
    }
  }
] 